Date,Max Temp,Min Temp,Avg Rain
15/01/2020,,12.4,0
16/01/2020,,12.9,0
17/01/2020,,14.4,0
18/01/2020,,14.4,0
19/01/2020,,14.9,0
20/01/2020,,15.9,0
21/01/2020,,11.4,0
22/01/2020,,11.4,0
23/01/2020,,14.4,0
24/01/2020,,9.9,0
25/01/2020,,9.9,0
26/01/2020,,10.4,0
27/01/2020,,10.4,0
28/01/2020,,12.4,0
29/01/2020,,16.9,7.4
30/01/2020,,18.4,0
31/01/2020,,14.9,0
01/02/2020,,11.9,0
02/02/2020,,11.9,0
03/02/2020,,10.4,0
04/02/2020,,10.4,0
05/02/2020,,14.9,0
06/02/2020,,13.9,0
07/02/2020,,13.9,0
08/02/2020,,15.4,0
09/02/2020,,14.9,0
10/02/2020,,12.4,0
11/02/2020,,12.9,0
12/02/2020,,12.4,0
13/02/2020,,11.9,0
14/02/2020,,12.4,0
15/02/2020,,14.9,0
16/02/2020,,15.4,0
17/02/2020,,14.9,0
18/02/2020,,15.9,0
19/02/2020,,16.9,0
20/02/2020,,18.4,0
21/02/2020,,18.9,0
22/02/2020,,16.9,0
23/02/2020,,17.9,0
24/02/2020,,17.9,0
25/02/2020,,16.9,0
26/02/2020,,15.4,3.2
27/02/2020,,17.4,0
28/02/2020,,17.9,0
29/02/2020,,15.9,0
01/03/2020,,17.4,0
02/03/2020,,18.9,0
03/03/2020,,20.4,0
04/03/2020,,18.9,24
05/03/2020,,17.9,0
06/03/2020,,19.9,0
07/03/2020,,18.9,24.6
08/03/2020,,18.4,0
09/03/2020,,20.4,0
10/03/2020,,17.4,0
11/03/2020,,19.9,0
12/03/2020,,21.4,0
13/03/2020,,19.9,0
14/03/2020,,21.9,0
15/03/2020,,22.4,0
16/03/2020,,18.4,0
17/03/2020,,21.4,0
18/03/2020,,21.9,0
19/03/2020,,21.4,0
20/03/2020,,19.9,0
23/03/2020,,17.9,0
24/03/2020,,20.9,0
26/03/2020,,20.9,0
31/03/2020,,21.9,0
01/04/2020,,22.4,0
04/04/2020,,22.9,0
05/04/2020,,20.9,0
06/04/2020,,21.9,0
07/04/2020,,23.9,0
08/04/2020,,21.9,0
29/04/2020,,,0
30/04/2020,,24.4,0
01/05/2020,,23.9,0
02/05/2020,,20.9,0
03/05/2020,,23.9,0
04/05/2020,,24.4,0
05/05/2020,,24.9,0
06/05/2020,,19.9,9.6
07/05/2020,,23.9,0
08/05/2020,,20.9,4.4
09/05/2020,,25.9,0
10/05/2020,,25.4,0
11/05/2020,,20.9,17.6
12/05/2020,,26.4,0
13/05/2020,,23.4,4
14/05/2020,,26.9,0
15/05/2020,,27.4,0
16/05/2020,,27.9,0
17/05/2020,,26.9,0
18/05/2020,,26.9,0
19/05/2020,,28.4,0
20/05/2020,,,14
21/05/2020,,22.4,143.8
22/05/2020,,22.4,0
23/05/2020,,26.9,0
24/05/2020,,27.9,0
25/05/2020,,28.4,0
26/05/2020,,27.9,0
27/05/2020,,27.9,0
28/05/2020,,20.9,12.4
29/05/2020,,23.9,0
30/05/2020,,20.4,0
31/05/2020,,21.9,10.4
01/06/2020,,22.4,0
02/06/2020,,24.9,30.4
03/06/2020,,22.9,26.4
04/06/2020,,27.4,0
05/06/2020,,24.9,0
06/06/2020,,27.4,0
07/06/2020,,27.9,0
08/06/2020,,27.4,0
09/06/2020,,25.9,0
10/06/2020,,25.9,0
11/06/2020,,24.9,12.4
12/06/2020,,26.4,14.8
13/06/2020,,26.4,15.4
14/06/2020,,26.4,4.8
15/06/2020,,26.4,4
16/06/2020,,24.9,16.6
17/06/2020,,24.9,12.8
18/06/2020,,26.4,4.2
19/06/2020,,26.4,0
20/06/2020,,27.4,0
21/06/2020,,26.4,2.2
22/06/2020,,25.4,6.2
23/06/2020,,26.8,2.2
24/06/2020,,28.5,0
25/06/2020,,27.9,0
26/06/2020,,24.4,18.2
27/06/2020,,26.9,0
28/06/2020,,23.9,12.2
29/06/2020,,24.9,14.6
30/06/2020,,26.9,0
01/07/2020,,,2.2
02/07/2020,,27.9,0
03/07/2020,,28.4,0
04/07/2020,,27.9,0
05/07/2020,,27.4,4
06/07/2020,,25.9,12.2
07/07/2020,,25.9,18.2
08/07/2020,,25.4,10.6
09/07/2020,,26.4,4
10/07/2020,,25.4,18
11/07/2020,,25.4,4.2
12/07/2020,,24.9,0
13/07/2020,,25.9,0
14/07/2020,,25.4,4
15/07/2020,,24.9,10.6
16/07/2020,,26.9,8.8
17/07/2020,,25.9,6.2
18/07/2020,,27.4,10.2
19/07/2020,,27.4,0
20/07/2020,,25.9,10.2
21/07/2020,,25.1,12.6
22/07/2020,,23.9,98.2
23/07/2020,,23.9,21.2
24/07/2020,,23.9,12.4
25/07/2020,,24.9,0
26/07/2020,,27.4,0
27/07/2020,,27.9,0
28/07/2020,,24.9,17.6
29/07/2020,,24.9,30.2
30/07/2020,,25.9,9.8
31/07/2020,,27.4,0
01/08/2020,,28.4,0
02/08/2020,,29.9,0
03/08/2020,,28.9,0
04/08/2020,,28.4,0
05/08/2020,,24.9,48.8
06/08/2020,31.4,26.4,4.4
07/08/2020,31.9,25.4,44.6
08/08/2020,31.9,25.9,0
09/08/2020,33.9,27.4,0
10/08/2020,34.4,26.9,0
11/08/2020,32.9,26.4,0
12/08/2020,34.9,28.9,0
13/08/2020,33.9,26.9,8
14/08/2020,34.9,27.9,0
15/08/2020,34.4,25.6,0
16/08/2020,32.9,26.9,21.8
17/08/2020,33.9,26.4,28.6
18/08/2020,30.9,27.4,0
19/08/2020,33.4,26.9,2.8
20/08/2020,34.9,25.9,25
21/08/2020,32.9,25.9,16.4
22/08/2020,29.9,25.9,25.6
23/08/2020,33.9,25.4,38.2
24/08/2020,32.9,25.4,22.2
25/08/2020,34.9,25.9,29.4
26/08/2020,34.9,26.4,0
27/08/2020,33.9,23.9,48.8
28/08/2020,28.4,26.4,4
29/08/2020,31.9,25.9,0
30/08/2020,34.9,28.4,0
31/08/2020,35.4,27.9,0
01/09/2020,35.4,27.9,5.8
02/09/2020,27.4,24.4,10.8
03/09/2020,33.9,26.4,0
04/09/2020,34.9,27.4,0
05/09/2020,33.9,25.9,0
06/09/2020,35.4,28.4,0
07/09/2020,33.9,27.9,0
08/09/2020,34.9,28.4,0
09/09/2020,34.9,28.4,0
10/09/2020,35.4,28.4,6.6
11/09/2020,34.4,27.4,0
12/09/2020,32.9,26.4,2.2
13/09/2020,,28.4,0
14/09/2020,,26.4,0
15/09/2020,,26.4,0
16/09/2020,33.9,27.4,0
17/09/2020,33.4,26.4,0
18/09/2020,33.9,25.4,0
19/09/2020,35.9,,0
20/09/2020,35.9,26.9,13.6
21/09/2020,30.9,25.4,12
23/09/2020,31.9,24.9,12.4
24/09/2020,29.9,26.9,12
25/09/2020,32.9,26.4,0
26/09/2020,31.4,26.9,0
27/09/2020,32.4,25.9,0
28/09/2020,35.9,26.9,0
29/09/2020,34.9,26.9,0
30/09/2020,36.9,25.4,0
01/10/2020,34.4,26.4,6.2
02/10/2020,31.9,25.9,0
03/10/2020,31.9,25.9,0
04/10/2020,32.9,24.9,0
05/10/2020,32.9,26.9,0
06/10/2020,32.4,26.4,0
07/10/2020,31.9,27.9,0
08/10/2020,33.4,26.9,6.2
09/10/2020,34.4,26.9,4.2
10/10/2020,35.4,25.9,22
12/10/2020,,,2.2
13/10/2020,,24.9,0
14/10/2020,,26.9,0
15/10/2020,33.9,24.9,0
16/10/2020,34.4,24.9,0
17/10/2020,34.9,27.9,0
18/10/2020,37.9,27.4,0
19/10/2020,35.9,27.9,0
20/10/2020,36.9,24.9,0
21/10/2020,36.4,27.4,0
22/10/2020,33.1,26.4,0
23/10/2020,33.9,23.9,6
24/10/2020,27.9,25.4,0
25/10/2020,37.4,24.4,0
26/10/2020,32.4,23.9,0
27/10/2020,32.9,22.4,0
28/10/2020,32.9,22.4,0
29/10/2020,31.9,23.4,0
30/10/2020,32.9,23.4,0
31/10/2020,32.9,22.9,0
01/11/2020,32.9,24.9,0
02/11/2020,36.9,24.9,0
03/11/2020,33.9,25.4,0
04/11/2020,31.9,21.4,0
05/11/2020,30.9,20.4,0
06/11/2020,34.4,19.4,0
07/11/2020,30.4,18.4,0
08/11/2020,29.9,18.4,0
09/11/2020,31.9,19.4,0
10/11/2020,30.9,19.9,0
11/11/2020,31.4,20.9,0
12/11/2020,31.9,20.4,0
13/11/2020,32.9,19.9,0
14/11/2020,32.9,19.9,0
15/11/2020,30.9,19.4,0
16/11/2020,32.9,18.9,0
17/11/2020,29.4,19.4,0
18/11/2020,33.4,17.9,0
19/11/2020,29.9,19.9,0
20/11/2020,32.9,22.4,0
21/11/2020,32.4,22.9,0
22/11/2020,31.9,19.4,0
23/11/2020,33.4,14.9,0
24/11/2020,29.9,15.1,0
25/11/2020,30.4,15.9,0
26/11/2020,30.4,15.4,0
27/11/2020,30.9,18.9,0
28/11/2020,30.1,17.9,0
29/11/2020,33.4,16.4,0
30/11/2020,27.9,15.4,0
01/12/2020,27.4,14.9,0
02/12/2020,27.4,14.9,0
03/12/2020,27.9,15.4,0
04/12/2020,27.4,15.9,0
05/12/2020,26.9,15.1,0
06/12/2020,29.4,14.4,0
07/12/2020,29.4,16.9,0
08/12/2020,29.9,19.4,0
09/12/2020,26.4,16.1,0
10/12/2020,24.4,16.1,0
11/12/2020,26.4,17.1,0
12/12/2020,25.4,14.4,0
13/12/2020,27.4,14.4,0
14/12/2020,25.9,17.4,0
15/12/2020,26.9,17.9,0
16/12/2020,25.9,17.9,0
17/12/2020,25.4,16.4,0
18/12/2020,26.9,15.1,0
19/12/2020,24.9,12.4,0
20/12/2020,25.4,10.4,0
21/12/2020,22.4,13.9,0
22/12/2020,25.9,12.4,0
23/12/2020,25.4,12.9,0
24/12/2020,27.9,13.9,0
25/12/2020,25.9,13.9,0
26/12/2020,25.4,12.4,0
27/12/2020,24.4,11.4,0
28/12/2020,24.9,10.9,0
29/12/2020,24.9,11.4,0
30/12/2020,24.9,14.4,0
31/12/2020,24.9,10.9,0
01/01/2021,,11.1,0
02/01/2021,24.4,10.9,0
03/01/2021,24.9,11.9,0
04/01/2021,25.4,13.4,0
05/01/2021,26.4,14.9,0
06/01/2021,29.9,15.9,0
07/01/2021,30.9,18.9,0
08/01/2021,28.4,17.9,0
09/01/2021,26.9,18.4,0
10/01/2021,26,18.1,0
11/01/2021,29.4,19.4,0
12/01/2021,20.4,17.4,0
13/01/2021,25.9,15.1,0
14/01/2021,27.9,14.7,0
15/01/2021,24.9,12.9,0
16/01/2021,25.9,12.9,0
17/01/2021,24.9,12.4,0
18/01/2021,21.9,12.9,0
19/01/2021,23.9,14.4,0
20/01/2021,24.4,17.9,0
21/01/2021,25.9,14.9,0
22/01/2021,26.4,13.4,0
23/01/2021,25.4,13.4,0
24/01/2021,22.4,13.4,0
25/01/2021,24.9,14.4,0
26/01/2021,23.9,14.9,0
27/01/2021,24.9,12.9,0
28/01/2021,22.9,10.9,0
29/01/2021,22.4,12.4,0
30/01/2021,24.9,14.4,0
31/01/2021,24.9,10.9,0
01/02/2021,22.4,10.7,0
02/02/2021,24.4,10.9,0
03/02/2021,26.4,11.4,0
04/02/2021,23.9,11.9,0
05/02/2021,26.4,12.9,0
06/02/2021,28.9,14.4,0
07/02/2021,25.1,15.9,0
08/02/2021,24.9,13.9,0
09/02/2021,25.9,13.4,0
10/02/2021,25.9,14.9,0
11/02/2021,26.9,15.9,0
12/02/2021,29.9,16.4,0
13/02/2021,30.1,16.9,0
14/02/2021,29.9,17.4,0
15/02/2021,30.9,16.9,0
16/02/2021,28.4,16.9,0
17/02/2021,28.4,16.9,0
18/02/2021,28.4,16.9,0
19/02/2021,28.4,16.9,0
20/02/2021,29.4,19.9,0
21/02/2021,27.9,17.9,0
22/02/2021,29.4,17.4,0
23/02/2021,29.9,16.9,0
24/02/2021,30.4,19.9,0
25/02/2021,31.4,18.5,0
26/02/2021,31.4,20.1,0
27/02/2021,32.4,20.1,0
28/02/2021,34.4,19.9,0
01/03/2021,33.9,21.9,0
02/03/2021,34.9,21.4,0
03/03/2021,33.9,19.9,0
04/03/2021,34.4,19.9,0
05/03/2021,33.4,21.9,0
06/03/2021,33.4,20.4,0
07/03/2021,32.9,21.4,0
08/03/2021,32.9,21.9,0
09/03/2021,33.4,21.9,0
10/03/2021,32.4,23.9,0
11/03/2021,32.4,23.9,0
12/03/2021,32.1,22.9,0
13/03/2021,32.9,23.4,0
14/03/2021,31.9,20.9,0
15/03/2021,33.4,20.9,0
16/03/2021,34.4,21.4,0
17/03/2021,33.9,21.9,0
18/03/2021,33.9,22.4,0
19/03/2021,34.9,22.4,0
20/03/2021,35.9,22.2,0
21/03/2021,35.9,23.9,0
22/03/2021,36.4,24.9,0
23/03/2021,35.9,23.4,0
24/03/2021,38.4,24.9,0
25/03/2021,38.1,24.9,0
26/03/2021,37.4,23.9,0
27/03/2021,37.9,24.4,0
28/03/2021,37.4,23.9,0
29/03/2021,34.9,24.9,0
30/03/2021,38.9,26.9,0
31/03/2021,38.9,25.9,0
01/04/2021,39.4,23.9,0
02/04/2021,39.9,24.9,0
03/04/2021,39.4,23.9,0
04/04/2021,38.9,25.9,0
05/04/2021,38.9,21.4,0
06/04/2021,34.9,24.4,0
07/04/2021,36.4,24.9,0
08/04/2021,35.4,26.4,0
09/04/2021,38.9,26.4,0
10/04/2021,37.9,25.9,0
11/04/2021,36.7,26.4,0
12/04/2021,36.9,25.9,0
13/04/2021,35.9,25.9,0
14/04/2021,37.9,25.9,0
15/04/2021,38.9,27.4,0
16/04/2021,38.4,26.9,0
17/04/2021,34.4,25.9,0
18/04/2021,33.4,22.9,0
19/04/2021,34.9,23.9,0
20/04/2021,38.9,23.9,0
21/04/2021,39.4,26.9,0
22/04/2021,38,24.9,0
23/04/2021,31.9,25.9,0
24/04/2021,34.9,27.4,0
25/04/2021,39.9,27.9,0
26/04/2021,39.9,25.4,0
27/04/2021,38.9,29.9,0
28/04/2021,39.9,26.9,0
29/04/2021,40.4,26.9,0
30/04/2021,39.4,25.9,0
01/05/2021,36.4,26.9,0
02/05/2021,36.4,26.9,0
03/05/2021,35.9,24.9,0
04/05/2021,33.9,22.9,4.6
05/05/2021,30.9,21.9,0
06/05/2021,31.9,22.9,0
07/05/2021,36.9,23.9,22
08/05/2021,36.9,26.9,0
09/05/2021,35.9,26.9,0
10/05/2021,36.4,26.9,4.2
11/05/2021,37.4,26.9,0
12/05/2021,36.9,21.9,36
13/05/2021,35.9,23.9,0
14/05/2021,33.9,24.4,0
15/05/2021,34.9,26.9,0
16/05/2021,37.4,26.9,3.8
17/05/2021,37.9,26.9,0
18/05/2021,38.9,26.9,0
19/05/2021,39.9,26.9,0
20/05/2021,37.4,28.4,0
21/05/2021,36.4,27.9,0
22/05/2021,36.9,27.4,0
23/05/2021,37.4,28.9,0
24/05/2021,36.9,28.9,0
25/05/2021,35.9,25.9,14.8
26/05/2021,34.9,25.9,15.6
27/05/2021,29.9,24.4,60.6
28/05/2021,29.9,23.9,67
29/05/2021,35.9,27.4,0
30/05/2021,35.9,27.9,3.8
31/05/2021,34.4,24.4,5.2
01/06/2021,34.4,26.9,0
02/06/2021,35.9,25.9,0
03/06/2021,35.9,27.4,0
04/06/2021,37.9,27.9,0
05/06/2021,37.9,26.4,0
06/06/2021,35.9,28.9,0
07/06/2021,,24.9,52.8
08/06/2021,35.4,27.4,10.8
09/06/2021,36.9,26.9,3.6
10/06/2021,34.9,27.9,0
11/06/2021,34.4,27.9,9.2
12/06/2021,32.9,27.4,10
13/06/2021,32.9,26.9,22
14/06/2021,33.9,27.4,12.4
15/06/2021,31.9,26.4,12.8
16/06/2021,32.4,22.9,10.4
17/06/2021,31.4,22.9,21.8
18/06/2021,30.9,21.9,68.8
19/06/2021,31.4,24.9,11
20/06/2021,29.9,23.9,22.2
21/06/2021,30.4,24.4,22.6
22/06/2021,31.9,26.4,0
23/06/2021,31.9,26.9,0
24/06/2021,32.9,26.9,6.2
25/06/2021,34.4,28.4,0
26/06/2021,32.9,27.9,8.8
27/06/2021,33.9,28.4,0
28/06/2021,33.9,27.9,0
29/06/2021,34.1,28.1,0
30/06/2021,32.9,29.4,0
01/07/2021,34.9,26.9,8.2
02/07/2021,32.9,25.4,6
03/07/2021,33.4,25.9,0
04/07/2021,30.9,25.9,17.6
05/07/2021,33.9,26.9,0
06/07/2021,34.4,28.9,6
07/07/2021,34.4,28.9,0
08/07/2021,34.9,25.4,4.2
09/07/2021,30.9,25.4,6
10/07/2021,32.9,25.4,0
11/07/2021,32.9,28.4,0
12/07/2021,33.9,28.4,4.2
13/07/2021,34.9,27.9,18.6
14/07/2021,34.4,27.4,12.2
15/07/2021,32.9,26.9,0
16/07/2021,34.4,28.4,8
17/07/2021,33.9,28.9,0
18/07/2021,35.4,27.4,0
19/07/2021,35.9,28.9,0
20/07/2021,35.9,27.4,0
21/07/2021,29.9,27.4,14
22/07/2021,33.9,26.9,10.2
23/07/2021,32.9,26.4,8.2
24/07/2021,33.4,26.9,13.2
25/07/2021,29.9,26.9,12.8
26/07/2021,33.9,27.7,0
27/07/2021,34.9,26.1,15.8
28/07/2021,34.9,26.4,0
29/07/2021,32.9,25.9,20.4
30/07/2021,32.1,25.9,75.6
31/07/2021,32.9,26.4,9.6
01/08/2021,33.4,26.9,0
02/08/2021,33.9,27.9,0
03/08/2021,33.4,27.9,0
04/08/2021,33.9,27.9,5.6
05/08/2021,33.9,26.9,12.6
06/08/2021,33.9,26.4,35.8
07/08/2021,33.7,25.9,12
08/08/2021,33.9,24.9,38.4
09/08/2021,32.9,26.4,48.6
10/08/2021,33.4,27.4,0
11/08/2021,32.9,28.4,0
12/08/2021,33.9,28.9,0
13/08/2021,33.4,26.9,6.6
14/08/2021,34.7,28.4,0
15/08/2021,33.4,28.4,0
16/08/2021,34.4,26.9,0
17/08/2021,35.4,26.9,0
18/08/2021,32.9,26.4,8.2
19/08/2021,32.4,26.4,17.4
20/08/2021,31.4,25.9,2.6
21/08/2021,32.4,23.9,25.6
22/08/2021,31.9,24.4,10.2
23/08/2021,34.9,27.9,0
24/08/2021,34.9,26.9,0
25/08/2021,36.1,26.4,0
26/08/2021,33.9,25.9,0
27/08/2021,35.4,25.9,70
28/08/2021,33.4,25.9,39.8
29/08/2021,34.4,24.9,0
30/08/2021,30.9,25.9,22
31/08/2021,30.4,26.4,10.4
01/09/2021,35.9,27.4,0
02/09/2021,33.9,26.4,6.6
03/09/2021,33.4,26.9,10.2
04/09/2021,34.4,24.9,0
05/09/2021,34.9,27.9,0
06/09/2021,34.9,27.9,0
07/09/2021,30.4,25.1,18
08/09/2021,31.4,23.9,18.2
09/09/2021,32.9,25.9,0
10/09/2021,28.4,27.4,0
11/09/2021,35.4,26.4,12.6
12/09/2021,31.9,26.4,6
13/09/2021,33.9,26.4,4
14/09/2021,33,24.9,28.4
15/09/2021,27.9,23.9,83.6
16/09/2021,32.1,25.9,22
17/09/2021,30.9,24.9,22
18/09/2021,31.9,22.1,12.6
19/09/2021,34.4,22.4,9.6
20/09/2021,32.9,25.4,10.2
21/09/2021,29.4,23.9,16
22/09/2021,29.9,24.4,0
23/09/2021,31.9,25.9,9.2
24/09/2021,34.9,23.9,4
25/09/2021,35.9,27.4,0
26/09/2021,33.9,24.9,0
27/09/2021,34.4,25.9,6
28/09/2021,34.9,25.9,0
29/09/2021,31.9,25.9,16.8
30/09/2021,29.9,23.9,47
01/10/2021,33.4,25.9,0
02/10/2021,34.4,25.9,0
03/10/2021,35.4,26.4,0
04/10/2021,35.4,24.9,16.4
05/10/2021,34.9,25.9,0
06/10/2021,34.4,25.9,0
07/10/2021,35.4,26.4,0
08/10/2021,34.9,26.4,0
09/10/2021,37.4,25.9,0
10/10/2021,35.9,28.1,0
11/10/2021,34.9,27.9,0
12/10/2021,34.9,26.9,0
13/10/2021,36.4,26.9,0
14/10/2021,33.4,27.4,0
15/10/2021,33.4,25.9,0
16/10/2021,35.4,23.9,0
17/10/2021,32.9,23.4,10.2
18/10/2021,36.9,24.4,30.4
19/10/2021,28.4,23.9,75.4
20/10/2021,28.9,26.9,6.4
21/10/2021,31.4,23.9,16.2
22/10/2021,33.9,23.9,0
23/10/2021,33.9,23.9,0
24/10/2021,32.4,24.9,0
25/10/2021,32.4,23.9,0
26/10/2021,32.9,24.4,0
27/10/2021,32.4,22.9,0
28/10/2021,32.4,24.9,0
29/10/2021,33.4,23.9,0
30/10/2021,32.9,21.9,0
31/10/2021,31.4,21.9,0
01/11/2021,32.9,20.9,0
02/11/2021,33.4,20.4,0
03/11/2021,31.4,21.4,0
04/11/2021,31.9,20.4,0
05/11/2021,32.1,21.4,0
06/11/2021,31.4,21.4,0
07/11/2021,30.4,17.9,0
08/11/2021,29.9,18.9,0
09/11/2021,30.9,17.9,0
10/11/2021,32.9,18.9,0
11/11/2021,31.9,18.9,0
12/11/2021,31.4,20.9,0
13/11/2021,27.9,21.4,0
14/11/2021,25.4,19.9,0
15/11/2021,24.9,21.9,8.2
16/11/2021,23.9,19.7,14.8
17/11/2021,31.4,18.9,0
18/11/2021,29.9,16.9,0
19/11/2021,28.9,16.9,0
20/11/2021,30.4,20.9,0
21/11/2021,31.4,18.9,0
22/11/2021,29.9,19.9,0
23/11/2021,30.9,20.9,0
24/11/2021,32.9,20.9,0
25/11/2021,32.4,17.9,0
26/11/2021,30.4,18.9,0
27/11/2021,31.4,16.9,0
28/11/2021,31.9,15.9,0
29/11/2021,30.4,17.9,0
30/11/2021,32.4,18.9,0
01/12/2021,29.9,17.9,0
02/12/2021,32.9,15.4,0
03/12/2021,29.9,16.9,0
04/12/2021,29.9,20.4,0
05/12/2021,28.4,20.4,0
07/12/2021,22.9,19.9,6.2
08/12/2021,24.9,19.9,0
09/12/2021,29.9,19.4,0
10/12/2021,31.4,19.9,0
11/12/2021,29.9,18.9,0
12/12/2021,27.9,14.9,0
13/12/2021,28.9,17.9,0
14/12/2021,30.9,15.9,0
15/12/2021,27.9,14.4,0
16/12/2021,28.9,14.9,0
17/12/2021,31.4,14.4,0
18/12/2021,27.9,14.9,0
19/12/2021,29.9,12.9,0
20/12/2021,29.7,10.9,0
21/12/2021,27.9,9.9,0
22/12/2021,24.9,11.9,0
23/12/2021,22.9,11.9,0
24/12/2021,22.9,12.9,0
25/12/2021,23.9,13.9,0
26/12/2021,24.4,13.9,0
27/12/2021,24.9,14.9,0
28/12/2021,26.7,16.9,0
29/12/2021,25.1,16.9,0
30/12/2021,23.9,16.4,0
31/12/2021,23.9,12.9,0
01/01/2022,,15.9,0
02/01/2022,23.9,12.9,0
03/01/2022,20.4,11.9,0
04/01/2022,24.4,11.9,0
05/01/2022,,11.9,0
06/01/2022,23.4,12.4,0
07/01/2022,25.4,15.9,0
08/01/2022,25.4,13.9,0
09/01/2022,29.7,14.9,0
10/01/2022,26.7,16.9,0
11/01/2022,25.1,16.9,0
12/01/2022,23.9,16.9,0
13/01/2022,20.9,16.9,8.8
14/01/2022,23.4,15.9,0
15/01/2022,20.9,15.9,6.6
16/01/2022,22.9,12.4,0
17/01/2022,22.9,11.9,0
18/01/2022,21.4,12.1,0
19/01/2022,23.2,11.4,0
20/01/2022,23.4,11.9,0
21/01/2022,22.9,14.4,0
22/01/2022,23.4,14.9,0
23/01/2022,22.4,16.9,0
01/02/2022,26.5,14.4,0
02/02/2022,28.4,16.4,0
03/02/2022,29.6,18.4,0
04/02/2022,28.4,18.9,0
05/02/2022,22.9,13.9,31
06/02/2022,22.9,13.9,0
07/02/2022,24.4,12.9,0
08/02/2022,25.4,12.4,0
09/02/2022,26.4,13.9,0
10/02/2022,25.9,18.9,0
11/02/2022,24.9,16.4,0
12/02/2022,24.4,,0
13/02/2022,28.4,13.1,0
14/02/2022,26.4,11.9,0
15/02/2022,27.4,14.4,0
16/02/2022,27.9,15.4,0
17/02/2022,26.4,14.9,0
18/02/2022,28.1,15.9,0
19/02/2022,28.9,14.4,0
20/02/2022,29.9,16.4,0
01/03/2022,30.9,20.4,0
02/03/2022,29.9,20.4,0
03/03/2022,30.9,19.9,0
04/03/2022,31.9,21.4,0
05/03/2022,31.9,18.4,0
06/03/2022,32.9,19.4,0
07/03/2022,31.9,19.4,0
08/03/2022,31.9,20.1,0
09/03/2022,33.9,19.9,0
10/03/2022,32.9,19.9,0
11/03/2022,32.9,23.9,0
12/03/2022,32.9,20.4,0
13/03/2022,32.9,18.9,0
14/03/2022,33.9,20.4,0
15/03/2022,33.9,23.4,0
16/03/2022,34.9,23.9,0
17/03/2022,37.4,22.9,0
18/03/2022,36.9,26.5,0
19/03/2022,35.9,23.4,0
20/03/2022,37.4,22.4,0
21/03/2022,37.9,22.9,0
22/03/2022,33.9,23.9,0
23/03/2022,37.4,23.4,0
01/04/2022,,26.4,0
02/04/2022,35.4,26.4,0
03/04/2022,33.1,25.9,0
04/04/2022,34.9,26.9,0
05/04/2022,34.9,25.9,0
06/04/2022,37.4,25.4,0
07/04/2022,37.9,25.4,0
08/04/2022,37.9,26.4,0
09/04/2022,37.9,26.9,0
10/04/2022,38.4,25.9,0
11/04/2022,38.1,24.9,0
12/04/2022,37.4,25.9,0
13/04/2022,37.9,26.9,0
14/04/2022,37.4,27.7,0
15/04/2022,36.9,27.9,0
16/04/2022,39.1,26.9,0
17/04/2022,39.4,27.9,0
18/04/2022,37.4,26.9,0
19/04/2022,39.4,27.9,0
20/04/2022,39.4,26.9,0
21/04/2022,36.4,24.9,0
22/04/2022,34.4,26.9,0
01/05/2022,35.4,22.9,0
02/05/2022,34.5,20.9,0
03/05/2022,34.9,20.9,21
04/05/2022,31.9,19.9,4.8
05/05/2022,34.4,26.9,0
06/05/2022,34.4,20.9,20.4
07/05/2022,34.9,20.9,10.2
08/05/2022,,20.9,0
09/05/2022,34.9,26.9,0
10/05/2022,28.1,24.4,27.4
11/05/2022,33.4,25.9,21.6
12/05/2022,26.9,26.4,34
13/05/2022,33.9,28.4,0
14/05/2022,35.4,23.4,57
15/05/2022,35.4,26.4,18.8
16/05/2022,34.9,23.9,0
17/05/2022,35.1,25.4,1.2
18/05/2022,35.1,27.9,0
19/05/2022,35.9,28.4,0
20/05/2022,33.9,27.4,0
21/05/2022,35.4,28.4,0
22/05/2022,35.4,22.9,23.8
23/05/2022,29.9,25.6,0
01/06/2022,35.4,27.4,0
02/06/2022,34.4,27.9,0
03/06/2022,34.9,25.1,33.2
04/06/2022,34.4,29.1,0
05/06/2022,35.4,28.9,0
06/06/2022,35.4,29.4,0
07/06/2022,35.4,28.9,0
08/06/2022,35.4,29.9,0
09/06/2022,35.4,25.9,0
10/06/2022,,24.4,21
11/06/2022,34.9,26.4,0
12/06/2022,31.9,27.9,0
13/06/2022,36.1,29.4,0
14/06/2022,35.9,24.9,5.8
15/06/2022,31.9,28.4,0
16/06/2022,34.4,28.9,0
17/06/2022,34.4,24.9,19.6
18/06/2022,32.4,24.9,10.2
19/06/2022,32.4,24.4,19.4
20/06/2022,31.9,26.4,0
21/06/2022,33.4,25.9,13.8
22/06/2022,32.9,27.4,3.4
01/07/2022,31.1,27.9,0
02/07/2022,33.4,26.9,0
03/07/2022,33.9,26.4,12.6
04/07/2022,32.9,27.4,0
05/07/2022,34.9,27.4,0
06/07/2022,33.9,27.4,0
07/07/2022,31.9,27.1,0
08/07/2022,34.9,27.4,5
09/07/2022,34.9,26.9,5
10/07/2022,34.9,25.9,10
11/07/2022,34.4,26.9,11.2
12/07/2022,33.4,26.9,0
13/07/2022,32.4,26.1,6.2
14/07/2022,34.4,26.4,6.6
15/07/2022,34.4,26.4,0
16/07/2022,34.9,26.9,9.8
17/07/2022,32.9,27.1,3.2
18/07/2022,33.7,26.9,3.8
19/07/2022,34.9,27.4,0
20/07/2022,34.9,27.9,0
21/07/2022,34.4,26.9,1.6
22/07/2022,34.4,27.4,16.8
23/07/2022,34.9,,0
01/08/2022,34.9,27.9,9.4
02/08/2022,35.4,28.4,0
03/08/2022,35.1,27.9,2.2
04/08/2022,32.4,26.9,23.8
05/08/2022,34.4,26.9,0
06/08/2022,35.4,26.9,0
07/08/2022,34.4,25.9,0
08/08/2022,33.9,26.4,0
09/08/2022,33.9,25.9,11.4
10/08/2022,31.4,26.4,2.8
11/08/2022,30.9,26.1,142.2
12/08/2022,29.9,24.9,22.2
13/08/2022,31.9,26.9,0
14/08/2022,31.9,25.4,0
15/08/2022,33.9,25.4,45.2
16/08/2022,30.4,26.4,0
17/08/2022,33.9,26.9,0
18/08/2022,34.9,28.4,0
19/08/2022,35.1,26.4,0
20/08/2022,30.4,25.9,17.4
21/08/2022,31.9,26.4,0
22/08/2022,34.4,27.4,0
23/08/2022,34.9,27.9,2.8
01/09/2022,35.9,26.9,0
02/09/2022,36.1,27.4,0
03/09/2022,36.4,27.9,0
04/09/2022,36.7,28.9,0
05/09/2022,34.9,26.9,0
06/09/2022,35.9,27.9,0
07/09/2022,34.9,26.4,0
08/09/2022,34.4,27.9,0
09/09/2022,36.9,27.9,0
10/09/2022,35.1,27.9,0
11/09/2022,33.4,26.9,0
12/09/2022,29.4,25.4,28.2
13/09/2022,27.9,25.9,40.2
14/09/2022,30.9,26.9,14.8
15/09/2022,32.9,26.9,0
16/09/2022,33.9,27.9,4.4
17/09/2022,33.4,28.9,2.2
18/09/2022,33.9,26.9,0
19/09/2022,34.4,25.9,5.6
20/09/2022,33.9,25.9,5.6
21/09/2022,31.9,24.4,4
22/09/2022,33.4,26.9,0
01/10/2022,33.9,25.9,0
02/10/2022,33.4,24.4,64.8
03/10/2022,30.4,25.9,0
04/10/2022,30.9,24.4,12
05/10/2022,33.4,23.9,0
06/10/2022,33.4,25.9,0
07/10/2022,32.9,25.9,0
08/10/2022,34.4,25.9,0
09/10/2022,33.4,26.9,0
10/10/2022,32.9,25.9,6.2
11/10/2022,33.9,25.9,0
12/10/2022,34.4,23.9,11
13/10/2022,33.3,24.4,4.4
14/10/2022,34.4,25.4,0
15/10/2022,32.9,24.9,0
16/10/2022,33.9,23.9,0
17/10/2022,32.4,22.9,0
18/10/2022,33.4,23.4,0
19/10/2022,33.9,24.9,0
20/10/2022,31.9,23.7,0
